Code	FOOD ITEM	REFERENCE PORTION	Reference ESHA	 Quantity 	Measure	 Gram Weight (g) 	 Calories (Kcal) 	 Calories from Fat (Kcal) 	 Calories from SatFat(Kcal) 	 Protein (g) 	 Carbohydrates (g) 	 Total Dietary Fiber (g) 	 Total Soluble Fiber (g) 	 Dietary Fiber (2016) (g) 	 Soluble Fiber (2016)(g) 	 Total Sugars(g) 	 Added Sugar(g) 	 Monosaccharides(g) 	 Disaccharides(g) 	 Other Carbs(g) 	 Fat(g) 	 Saturated Fat(g) 	 Mono Fat(g) 	 Poly Fat(g) 	 Trans Fatty Acid(g) 	 Cholesterol(mg) 	 Water(g) 	 Vitamin A - IU 	 Vitamin A - RAE (mcg) 	 Carotenoid RE (mcg) 	 Retinol RE (mcg) 	 Beta-Carotene(mcg) 	 Vitamin B1 - Thiamin(mg) 	 Vitamin B2 - Riboflavin(mg) 	 Vitamin B3 - Niacin (mg) 	 Vitamin B3 - Niacin Equiv (mg) 	 Vitamin B6 (mg) 	 Vitamin B12(mcg) 	 Biotin(mcg) 	 Vitamin C(mcg) 	 Vitamin D - IU 	 Vitamin D - mcg 	 Vitamin E - Alpha-Toco (mg) 	 Folate(mcg) 	 Folate, DFE (mcg) 	 Vitamin K(mcg) 	 Pantothenic Acid (mg) 	 Calcium(mg) 	 Chromium(mcg) 	 Copper(mg) 	 Fluoride(mg) 	 Iodine(mcg) 	 Iron(mg) 	 Magnesium(mg) 	 Manganese(mg) 	 Molybdenum(mcg) 	 Phosphorus(mg) 	 Potassium(mg) 	 Selenium(mcg) 	 Sodium(mg) 	 Zinc(mg) 	 Omega 3 Fatty Acid(g) 	 Omega 6 Fatty Acid(g) 	 Alcohol(g) 	 Caffeine(mg) 	 Choline(mg) 
1	Staple Food/Cereals and Cereal-Based Products																																																																	
1.1	White Bread: Arabic/Iranian bread/Pita or Lebanese/ baguette/Toast  	¼ Arabic bread/1 small baguette/1 toast	Average	 100 	 Gram 	 100.00 	 289.92 	 36.37 	 6.21 	 9.53 	 53.72 	 3.35 	 0.09 	 0.34 	 -   	 4.45 	 1.32 	 1.49 	 0.55 	 36.74 	 4.04 	 0.69 	 0.40 	 1.03 	 0.01 	 -   	 28.06 	 18.50 	 4.87 	 0.07 	 4.83 	 1.50 	 0.47 	 0.26 	 3.89 	 3.89 	 0.06 	 0.03 	 0.17 	 0.22 	 -   	 -   	 0.23 	 92.50 	 134.43 	 2.27 	 0.17 	 178.06 	 -   	 0.12 	 -   	 199.33 	 2.81 	 22.83 	 0.19 	 -   	 88.33 	 104.71 	 20.75 	 524.35 	 0.76 	 0.10 	 0.94 	 -   	 -   	 10.22 
1.1.1	White Bread (homemade) : Arabic/Iranian bread/Pita or Lebanese/ baguette/Toast  	¼ Arabic bread/1 small baguette/1 toast	Average	 100 	 Gram 	 100.00 	 289.92 	 36.37 	 6.21 	 9.53 	 53.72 	 3.35 	 0.09 	 0.34 	 -   	 4.45 	 1.32 	 1.49 	 0.55 	 36.74 	 4.04 	 0.69 	 0.40 	 1.03 	 0.01 	 -   	 28.06 	 18.50 	 4.87 	 0.07 	 4.83 	 1.50 	 0.47 	 0.26 	 3.89 	 3.89 	 0.06 	 0.03 	 0.17 	 0.22 	 -   	 -   	 0.23 	 92.50 	 134.43 	 2.27 	 0.17 	 178.06 	 -   	 0.12 	 -   	 199.33 	 2.81 	 22.83 	 0.19 	 -   	 88.33 	 104.71 	 20.75 	 524.35 	 0.76 	 0.10 	 0.94 	 -   	 -   	 10.22 
1.2	Brown bread: Arabic/Iranian bread/Pita or Lebanese/ baguette/Toast  	¼ Arabic bread/1 small baguette/1 toast	Average	 100 	Gram	 100.00 	 240.95 	 41.16 	 10.10 	 11.24 	 50.50 	 6.66 	 0.50 	 -   	 -   	 3.34 	 0.34 	 0.55 	 0.18 	 25.14 	 4.57 	 1.12 	 1.00 	 0.73 	 0.31 	 -   	 20.67 	 1.17 	 0.06 	 0.12 	 -   	 1.83 	 0.30 	 0.13 	 2.90 	 3.18 	 0.17 	 -   	 2.14 	 -   	 -   	 -   	 0.80 	 37.67 	 37.67 	 3.78 	 0.23 	 107.02 	 1.31 	 0.24 	 -   	 0.47 	 2.73 	 54.67 	 0.79 	 -   	 173.50 	 169.54 	 26.55 	 389.93 	 1.23 	 0.04 	 0.69 	 -   	 -   	 17.75 
1.2.1	Brown bread (Homemade) : Arabic/Iranian bread/Pita or Lebanese/ baguette/Toast  	¼ Arabic bread/1 small baguette/1 toast	Average	 100 	Gram	 100.00 	 240.95 	 41.16 	 10.10 	 11.24 	 50.50 	 6.66 	 0.50 	 -   	 -   	 3.34 	 0.34 	 0.55 	 0.18 	 25.14 	 4.57 	 1.12 	 1.00 	 0.73 	 0.31 	 -   	 20.67 	 1.17 	 0.06 	 0.12 	 -   	 1.83 	 0.30 	 0.13 	 2.90 	 3.18 	 0.17 	 -   	 2.14 	 -   	 -   	 -   	 0.80 	 37.67 	 37.67 	 3.78 	 0.23 	 107.02 	 1.31 	 0.24 	 -   	 0.47 	 2.73 	 54.67 	 0.79 	 -   	 173.50 	 169.54 	 26.55 	 389.93 	 1.23 	 0.04 	 0.69 	 -   	 -   	 17.75 
1.3	Chapati or Paratha	Small chapati/1/4 Indian paratha	Average	 100 	Gram	 100.00 	 307.33 	 89.55 	 33.27 	 8.49 	 45.95 	 8.07 	 -   	 -   	 -   	 3.27 	 -   	 0.26 	 0.64 	 34.61 	 9.95 	 3.70 	 2.61 	 1.46 	 0.01 	 0.33 	 33.98 	 -   	 0.67 	 -   	 0.67 	 -   	 0.33 	 0.15 	 4.41 	 4.41 	 0.21 	 -   	 -   	 -   	 -   	 -   	 0.93 	 35.67 	 35.67 	 2.23 	 0.19 	 51.33 	 -   	 0.21 	 -   	 -   	 2.27 	 51.67 	 0.42 	 -   	 154.00 	 200.33 	 29.13 	 386.33 	 1.31 	 0.08 	 1.38 	 -   	 -   	 4.70 
1.4	Other products (crackers/biscuits/ Baqsam/pretzel/kaak)	1 ounce /7 crackers /1 biscuit	Average	 100 	Gram	 100.00 	 454.85 	 122.95 	 29.12 	 8.16 	 61.16 	 2.28 	 0.13 	 0.54 	 -   	 13.32 	 3.88 	 0.11 	 0.18 	 27.00 	 13.66 	 3.24 	 1.89 	 1.03 	 0.01 	 6.00 	 2.77 	 3.54 	 1.25 	 -   	 1.25 	 -   	 0.20 	 0.18 	 1.85 	 2.54 	 0.03 	 0.05 	 -   	 0.16 	 -   	 -   	 0.21 	 51.92 	 71.47 	 2.98 	 0.12 	 21.76 	 -   	 0.06 	 -   	 0.10 	 1.48 	 12.00 	 0.18 	 -   	 64.08 	 119.60 	 6.88 	 430.63 	 0.34 	 0.09 	 0.90 	 -   	 -   	 8.35 
1.5	White rice	Side A	Average	 100 	Gram	 100.00 	 138.00 	 7.61 	 1.18 	 3.45 	 28.56 	 1.56 	 0.05 	 1.56 	 -   	 0.39 	 -   	 -   	 -   	 14.36 	 0.85 	 0.13 	 0.30 	 0.31 	 -   	 -   	 66.57 	 -   	 -   	 -   	 -   	 0.60 	 0.13 	 0.02 	 1.20 	 1.39 	 0.06 	 -   	 0.50 	 0.04 	 -   	 -   	 0.09 	 43.20 	 66.22 	 1.30 	 0.20 	 7.60 	 0.37 	 0.07 	 -   	 1.38 	 1.03 	 13.40 	 0.33 	 -   	 44.40 	 70.20 	 5.14 	 175.40 	 0.58 	 0.04 	 0.26 	 -   	 -   	 5.16 
1.6	Brown rice/Burghul/freekeh 	Side A	Average	 100 	Gram	 100.00 	 175.07 	 23.75 	 3.48 	 5.23 	 33.09 	 2.76 	 0.08 	 2.76 	 0.08 	 1.08 	 -   	 0.12 	 0.07 	 19.63 	 2.66 	 0.39 	 1.27 	 0.53 	 -   	 -   	 55.55 	 0.10 	 7.72 	 0.01 	 7.29 	 6.05 	 0.08 	 0.03 	 1.15 	 1.36 	 0.11 	 -   	 0.24 	 0.35 	 1.14 	 0.03 	 0.46 	 10.42 	 10.42 	 1.98 	 0.11 	 14.59 	 0.06 	 0.06 	 -   	 7.51 	 0.93 	 21.58 	 0.16 	 0.18 	 45.02 	 103.98 	 5.81 	 156.95 	 0.41 	 0.04 	 0.49 	 -   	 -   	 5.39 
1.7	Pasta/Noodles (Prepared at home)	Side A	Average	 100 	Gram	 100.00 	 156.74 	 12.39 	 1.29 	 5.85 	 30.44 	 1.36 	 0.19 	 1.06 	 0.19 	 0.33 	 -   	 0.02 	 0.11 	 23.85 	 1.38 	 0.15 	 0.17 	 0.22 	 -   	 20.18 	 44.75 	 1.11 	 1.67 	 -   	 1.67 	 0.22 	 0.15 	 0.07 	 0.97 	 1.53 	 0.03 	 0.03 	 -   	 -   	 0.89 	 0.02 	 0.05 	 39.39 	 64.03 	 -   	 0.07 	 9.19 	 0.05 	 0.05 	 -   	 6.42 	 0.75 	 11.17 	 0.15 	 -   	 37.45 	 49.20 	 11.16 	 95.86 	 0.31 	 0.01 	 0.21 	 -   	 -   	 5.67 
1.7.1	Pasta/Noodles (Instant)	Side A	Average	 100 	Gram	 100.00 	 156.74 	 12.39 	 1.29 	 5.85 	 30.44 	 1.36 	 0.19 	 1.06 	 0.19 	 0.33 	 -   	 0.02 	 0.11 	 23.85 	 1.38 	 0.15 	 0.17 	 0.22 	 -   	 20.18 	 44.75 	 1.11 	 1.67 	 -   	 1.67 	 0.22 	 0.15 	 0.07 	 0.97 	 1.53 	 0.03 	 0.03 	 -   	 -   	 0.89 	 0.02 	 0.05 	 39.39 	 64.03 	 -   	 0.07 	 9.19 	 0.05 	 0.05 	 -   	 6.42 	 0.75 	 11.17 	 0.15 	 -   	 37.45 	 49.20 	 11.16 	 95.86 	 0.31 	 0.01 	 0.21 	 -   	 -   	 5.67 
1.8	Breakfast cereals (Bran flakes)/ Oats	Side A	Average	 100 	#DIV/0!	 100.00 	 341.96 	 66.20 	 13.81 	 9.86 	 63.87 	 9.36 	 0.83 	 5.53 	 0.83 	 9.84 	 5.02 	 -   	 -   	 39.01 	 7.36 	 1.53 	 2.65 	 2.27 	 -   	 0.14 	 15.30 	 1.83 	 112.57 	 -   	 110.86 	 17.43 	 0.98 	 0.91 	 11.11 	 11.11 	 1.10 	 3.01 	 -   	 31.20 	 20.00 	 0.50 	 7.07 	 215.29 	 352.19 	 2.83 	 -   	 44.71 	 -   	 0.17 	 -   	 -   	 11.48 	 89.43 	 -   	 -   	 297.71 	 373.54 	 7.86 	 138.68 	 8.79 	 0.15 	 1.06 	 -   	 -   	 15.29 
1.9	Breakfast cereals ( sugary)	Side A	Average	 100 	#DIV/0!	 100.00 	 366.50 	 32.09 	 7.27 	 9.80 	 78.67 	 6.35 	 3.01 	 1.65 	 -   	 6.93 	 -   	 0.05 	 2.14 	 65.39 	 3.57 	 0.81 	 1.23 	 1.32 	 0.01 	 -   	 4.45 	 2,542.50 	 740.00 	 9.00 	 735.50 	 41.50 	 1.34 	 0.81 	 19.44 	 21.20 	 2.09 	 5.89 	 -   	 21.30 	 139.50 	 3.50 	 0.39 	 535.50 	 892.00 	 0.90 	 0.65 	 203.00 	 -   	 0.29 	 -   	 -   	 31.04 	 76.50 	 1.86 	 -   	 291.50 	 404.50 	 16.60 	 613.00 	 8.87 	 0.04 	 1.27 	 -   	 -   	 17.45 
1.10	Fatayer (zaatar, cheese, spinach, meat)-baked	1 small or side B	Average	 100 	#DIV/0!	 100.00 	 269.39 	 91.46 	 10.19 	 11.09 	 33.47 	 1.37 	 -   	 0.16 	 -   	 0.97 	 0.04 	 0.00 	 -   	 0.74 	 10.18 	 1.13 	 1.38 	 0.48 	 -   	 16.01 	 24.64 	 9.67 	 0.99 	 0.76 	 0.61 	 4.48 	 0.01 	 0.02 	 0.94 	 1.44 	 0.05 	 0.16 	 0.04 	 0.53 	 0.95 	 0.02 	 0.18 	 1.19 	 0.91 	 0.73 	 0.09 	 273.42 	 0.19 	 0.75 	 -   	 1.03 	 2.62 	 32.22 	 0.69 	 0.27 	 23.15 	 299.58 	 3.22 	 531.49 	 2.39 	 0.02 	 0.16 	 -   	 -   	 12.18 
1.11	Sambosek, samosa, spring roll, cheese roll-fried 	1 small	Average	 100 	#DIV/0!	 100.00 	 211.49 	 93.95 	 18.54 	 8.61 	 21.32 	 1.72 	 -   	 0.48 	 -   	 2.82 	 1.07 	 -   	 -   	 11.53 	 10.45 	 2.06 	 3.64 	 3.54 	 -   	 24.61 	 48.78 	 0.86 	 51.37 	 -   	 10.00 	 415.88 	 0.13 	 0.12 	 2.54 	 2.79 	 0.14 	 0.11 	 -   	 3.92 	 1.20 	 0.03 	 1.01 	 43.79 	 50.33 	 19.99 	 0.04 	 46.31 	 0.02 	 0.08 	 -   	 0.08 	 1.39 	 18.68 	 0.00 	 -   	 83.93 	 182.27 	 9.58 	 456.40 	 0.54 	 0.40 	 3.12 	 -   	 -   	 26.16 
1.12	Pizza (restaurants, homemade)	Side A or B/ 1 small piece	Average	 100 	Gram	 100.00 	 263.29 	 95.24 	 39.36 	 11.73 	 29.98 	 1.85 	 -   	 -   	 -   	 3.24 	 0.41 	 0.34 	 0.19 	 21.22 	 10.58 	 4.37 	 1.75 	 1.02 	 0.01 	 23.18 	 27.41 	 78.36 	 37.04 	 1.33 	 32.78 	 42.22 	 0.20 	 0.15 	 1.89 	 2.10 	 0.07 	 0.32 	 -   	 1.79 	 0.89 	 0.02 	 0.49 	 44.85 	 62.86 	 3.59 	 0.03 	 132.12 	 -   	 0.07 	 -   	 -   	 1.57 	 13.85 	 0.04 	 -   	 120.89 	 102.93 	 13.33 	 622.48 	 0.78 	 0.11 	 0.88 	 -   	 -   	 8.97 
1.12.1	Pizza (Frozen, ready to eat)	Side A or B/ 1 small piece	Average	 100 	Gram	 100.00 	 263.29 	 95.24 	 39.36 	 11.73 	 29.98 	 1.85 	 -   	 -   	 -   	 3.24 	 0.41 	 0.34 	 0.19 	 21.22 	 10.58 	 4.37 	 1.75 	 1.02 	 0.01 	 23.18 	 27.41 	 78.36 	 37.04 	 1.33 	 32.78 	 42.22 	 0.20 	 0.15 	 1.89 	 2.10 	 0.07 	 0.32 	 -   	 1.79 	 0.89 	 0.02 	 0.49 	 44.85 	 62.86 	 3.59 	 0.03 	 132.12 	 -   	 0.07 	 -   	 -   	 1.57 	 13.85 	 0.04 	 -   	 120.89 	 102.93 	 13.33 	 622.48 	 0.78 	 0.11 	 0.88 	 -   	 -   	 8.97 
2	Vegetables																																																																	
2.1	Vegetables, canned (mixed)	Side A	Average	 100 	Gram	 100.00 	 48.00 	 6.10 	 0.98 	 2.29 	 8.75 	 2.63 	 0.36 	 2.63 	 0.36 	 2.98 	 -   	 0.20 	 1.58 	 3.15 	 0.68 	 0.11 	 0.13 	 0.32 	 -   	 -   	 87.28 	 3,008.75 	 150.44 	 300.88 	 -   	 1,461.25 	 0.06 	 0.03 	 0.98 	 1.29 	 0.06 	 -   	 0.10 	 2.15 	 2.00 	 0.05 	 0.28 	 20.25 	 20.25 	 11.65 	 0.30 	 15.25 	 -   	 0.12 	 -   	 -   	 0.71 	 13.00 	 0.20 	 -   	 49.50 	 132.50 	 1.55 	 275.75 	 0.48 	 0.03 	 0.29 	 -   	 -   	 14.23 
2.2	Vegetables, raw, cooked, frozen	Side A	Average	 100 	Gram	 100.00 	 40.24 	 11.60 	 2.31 	 1.51 	 6.99 	 2.26 	 0.12 	 2.16 	 1.97 	 2.99 	 -   	 0.73 	 0.24 	 1.74 	 1.29 	 0.26 	 0.62 	 0.28 	 -   	 0.29 	 85.25 	 957.75 	 98.42 	 95.78 	 1.57 	 976.48 	 0.06 	 0.07 	 0.75 	 0.87 	 0.13 	 0.00 	 1.65 	 24.61 	 0.33 	 0.01 	 0.46 	 30.43 	 30.43 	 32.11 	 0.20 	 27.00 	 0.06 	 0.07 	 0.00 	 0.22 	 0.50 	 16.57 	 0.06 	 1.50 	 37.14 	 248.48 	 0.86 	 58.57 	 0.28 	 0.03 	 0.24 	 -   	 -   	 11.64 
2.3	Salad, green 	Side A	Average	 100 	Gram	 100.00 	 32.08 	 6.26 	 2.32 	 2.36 	 5.60 	 3.55 	 0.13 	 2.84 	 0.13 	 0.97 	 -   	 0.37 	 0.01 	 0.62 	 0.70 	 0.35 	 0.25 	 0.18 	 -   	 -   	 90.13 	 5,343.27 	 297.80 	 534.33 	 -   	 2,902.64 	 0.07 	 0.13 	 0.79 	 1.09 	 0.12 	 -   	 0.58 	 39.98 	 -   	 -   	 0.66 	 104.55 	 104.55 	 318.11 	 0.20 	 106.45 	 0.36 	 0.25 	 -   	 0.98 	 2.51 	 38.91 	 0.46 	 3.00 	 49.36 	 417.55 	 0.41 	 32.22 	 0.53 	 0.11 	 0.07 	 -   	 -   	 8.29 
3	Potatoes and products																																						 -   													 -   				 -   										
3.1	French Fries	Side A	Average	 100 	Gram	 100.00 	 261.52 	 105.71 	 15.61 	 3.44 	 35.81 	 3.16 	 0.17 	 1.79 	 -   	 0.19 	 -   	 0.06 	 0.13 	 32.45 	 11.75 	 1.73 	 3.08 	 2.08 	 0.02 	 -   	 33.69 	 1.67 	 0.08 	 0.17 	 -   	 1.00 	 0.10 	 0.02 	 1.77 	 1.90 	 0.21 	 -   	 -   	 8.30 	 -   	 -   	 0.59 	 11.50 	 11.50 	 7.80 	 0.35 	 15.29 	 1.60 	 0.07 	 0.02 	 -   	 0.66 	 20.33 	 0.13 	 -   	 71.33 	 358.00 	 0.27 	 240.44 	 0.29 	 0.21 	 1.86 	 -   	 -   	 21.17 
3.2	Potato 	1 medium portion	Average	 100 	Gram	 100.00 	 112.56 	 27.06 	 9.28 	 2.06 	 20.07 	 1.92 	 -   	 1.20 	 -   	 2.09 	 -   	 0.12 	 0.20 	 16.06 	 3.01 	 1.03 	 1.07 	 0.72 	 0.03 	 3.33 	 73.44 	 44.45 	 163.06 	 0.56 	 17.39 	 1,745.45 	 0.09 	 0.05 	 1.34 	 1.34 	 0.27 	 0.04 	 -   	 10.46 	 0.33 	 0.02 	 0.38 	 6.50 	 6.50 	 2.67 	 0.07 	 17.56 	 0.07 	 0.13 	 -   	 -   	 0.49 	 21.56 	 0.02 	 -   	 58.72 	 372.50 	 4.70 	 182.45 	 0.30 	 0.09 	 0.63 	 -   	 -   	 11.73 
3.3	Potato chips (bag chips)- all kind of chips 	Small bag / One ounce or 18 chips	Average	 100 	Gram	 100.00 	 459.68 	 244.79 	 87.07 	 9.13 	 57.73 	 3.85 	 -   	 1.76 	 -   	 2.06 	 1.14 	 -   	 -   	 25.82 	 27.20 	 9.68 	 4.38 	 3.57 	 -   	 -   	 0.42 	 44.64 	 2.32 	 5.10 	 -   	 2.86 	 0.07 	 0.02 	 1.41 	 1.41 	 0.20 	 -   	 -   	 4.57 	 -   	 -   	 3.13 	 5.29 	 5.29 	 4.04 	 -   	 57.26 	 -   	 0.05 	 -   	 -   	 1.24 	 27.31 	 -   	 -   	 49.29 	 369.86 	 1.43 	 590.10 	 0.49 	 0.09 	 3.42 	 -   	 -   	 3.44 
4	Fruits																																																																	
4.1	Fresh fruits or frozen	Side A/ 1 medium portion	Average	 100 	Gram	 100.00 	 67.57 	 2.31 	 0.28 	 0.68 	 16.79 	 2.09 	 0.31 	 2.00 	 0.30 	 12.49 	 1.81 	 5.01 	 1.56 	 2.21 	 0.26 	 0.03 	 0.04 	 0.07 	 -   	 -   	 77.16 	 157.81 	 9.27 	 15.78 	 -   	 98.24 	 0.04 	 0.03 	 0.34 	 0.43 	 0.07 	 -   	 0.48 	 28.75 	 -   	 -   	 0.33 	 15.10 	 15.10 	 6.12 	 0.14 	 15.38 	 0.12 	 0.07 	 0.00 	 0.65 	 0.28 	 9.67 	 0.14 	 -   	 16.14 	 155.10 	 0.27 	 7.76 	 0.11 	 0.02 	 0.05 	 -   	 -   	 5.46 
4.2	Dried fruits (dates, figs, apricot, prunes)	Side A	Average	 100 	Gram	 100.00 	 314.96 	 53.62 	 0.51 	 2.35 	 67.41 	 9.95 	 0.37 	 9.95 	 0.37 	 51.57 	 -   	 21.20 	 2.78 	 5.89 	 5.96 	 0.06 	 0.07 	 0.08 	 -   	 -   	 23.37 	 846.30 	 65.04 	 84.63 	 -   	 370.88 	 0.06 	 0.09 	 1.38 	 1.51 	 0.17 	 -   	 -   	 1.27 	 -   	 -   	 0.86 	 11.38 	 11.38 	 11.94 	 0.28 	 129.96 	 -   	 0.27 	 -   	 -   	 2.63 	 42.63 	 0.17 	 -   	 69.38 	 732.13 	 1.33 	 9.44 	 0.38 	 0.01 	 0.08 	 -   	 -   	 10.65 
4.3	Fresh fruit juice 	Side A	Average	 100 	Gram	 100.00 	 29.91 	 1.65 	 0.26 	 0.49 	 7.63 	 0.37 	 0.14 	 0.37 	 0.14 	 5.55 	 -   	 1.14 	 0.75 	 1.71 	 0.18 	 0.03 	 0.04 	 0.04 	 -   	 -   	 91.45 	 153.64 	 14.68 	 15.36 	 -   	 144.66 	 0.04 	 0.02 	 0.23 	 0.26 	 0.04 	 -   	 0.20 	 27.64 	 -   	 -   	 0.15 	 17.31 	 17.31 	 0.45 	 0.10 	 8.60 	 0.22 	 0.04 	 -   	 1.30 	 0.15 	 8.01 	 0.01 	 -   	 10.32 	 119.61 	 0.21 	 1.16 	 0.06 	 0.01 	 0.03 	 -   	 -   	 4.57 
4.4	Fruit based dessert (cocktails)	Side A	Average	 100 	Gram	 100.00 	 159.96 	 44.67 	 40.05 	 1.34 	 29.44 	 2.89 	 0.10 	 2.73 	 0.02 	 19.37 	 9.45 	 0.44 	 0.36 	 2.81 	 4.96 	 4.45 	 0.31 	 0.09 	 -   	 -   	 48.24 	 544.74 	 38.41 	 54.47 	 -   	 133.30 	 0.02 	 0.02 	 0.62 	 0.63 	 0.08 	 -   	 0.12 	 19.66 	 -   	 -   	 0.69 	 15.05 	 15.05 	 2.35 	 0.04 	 10.38 	 -   	 0.13 	 -   	 0.04 	 0.52 	 15.32 	 0.12 	 -   	 30.49 	 197.29 	 3.06 	 84.72 	 0.22 	 0.03 	 0.06 	 -   	 -   	 7.76 
5	Milk, Dairy, & Alternatives																																																																	
5.1	Full fat milk	Side A	Average	 100 	Gram	 100.00 	 56.40 	 25.34 	 6.82 	 3.12 	 4.76 	 -   	 -   	 -   	 -   	 2.41 	 -   	 -   	 1.20 	 -   	 2.82 	 0.76 	 0.31 	 0.06 	 -   	 4.50 	 44.29 	 140.50 	 26.25 	 0.50 	 25.75 	 2.75 	 0.03 	 0.08 	 0.05 	 0.21 	 0.03 	 0.25 	 -   	 0.03 	 31.50 	 0.30 	 0.03 	 1.50 	 1.50 	 0.13 	 0.09 	 114.75 	 -   	 0.01 	 -   	 -   	 0.01 	 5.50 	 -   	 -   	 46.75 	 72.25 	 1.40 	 20.50 	 0.20 	 0.02 	 0.05 	 -   	 -   	 8.05 
5.2	Low fat milk	Side A	Average	 100 	Gram	 100.00 	 44.87 	 12.39 	 5.47 	 3.23 	 4.90 	 -   	 -   	 -   	 -   	 3.25 	 -   	 0.01 	 1.59 	 0.08 	 1.38 	 0.61 	 0.26 	 0.03 	 0.03 	 4.33 	 59.64 	 100.67 	 28.67 	 0.67 	 28.33 	 2.67 	 0.03 	 0.11 	 0.07 	 0.29 	 0.03 	 0.38 	 -   	 0.07 	 28.33 	 0.37 	 0.02 	 2.33 	 2.33 	 0.10 	 0.12 	 117.00 	 -   	 0.00 	 -   	 -   	 0.01 	 7.67 	 0.00 	 -   	 65.00 	 99.67 	 1.53 	 28.67 	 0.30 	 0.00 	 0.03 	 -   	 -   	 11.27 
5.3	Non-dairy alternative (soya, oat, almond milk)	Side A	Average	 100 	Gram	 100.00 	 33.00 	 11.34 	 0.84 	 1.41 	 4.03 	 0.27 	 0.03 	 -   	 -   	 2.92 	 1.33 	 -   	 -   	 0.85 	 1.26 	 0.09 	 0.56 	 0.48 	 -   	 -   	 92.59 	 48.33 	 43.05 	 0.10 	 43.00 	 0.67 	 0.04 	 0.04 	 0.22 	 0.43 	 0.03 	 -   	 1.83 	 -   	 27.33 	 0.67 	 1.87 	 6.67 	 6.67 	 1.00 	 0.13 	 133.00 	 -   	 0.06 	 -   	 0.30 	 0.42 	 12.67 	 0.09 	 -   	 23.67 	 83.00 	 1.70 	 63.67 	 0.08 	 0.02 	 0.35 	 -   	 -   	 8.87 
5.4	 Yogurt (plain) (zabadi/robe)	Side A or 1 small container (170-200ml)	Average	 100 	Gram	 100.00 	 72.77 	 26.76 	 11.91 	 6.17 	 5.25 	 -   	 -   	 -   	 -   	 2.31 	 -   	 -   	 -   	 0.13 	 2.97 	 1.32 	 0.16 	 0.02 	 -   	 3.50 	 42.27 	 45.00 	 17.50 	 -   	 17.50 	 1.33 	 0.02 	 0.12 	 0.09 	 0.09 	 0.03 	 0.30 	 -   	 0.27 	 28.00 	 0.20 	 0.01 	 5.00 	 5.00 	 0.07 	 -   	 127.33 	 -   	 0.01 	 -   	 -   	 0.03 	 6.50 	 -   	 -   	 69.50 	 86.00 	 4.27 	 23.33 	 0.34 	 0.00 	 0.02 	 -   	 -   	 7.58 
5.6	Ayran /Laban (drinkable) 	Side A/ 1 small bottle (200ml)	Average	 100 	Gram	 100.00 	 37.13 	 9.59 	 1.34 	 2.22 	 3.51 	 -   	 -   	 -   	 -   	 1.73 	 -   	 -   	 -   	 0.14 	 1.07 	 0.15 	 0.07 	 0.01 	 -   	 1.25 	 21.82 	 55.00 	 43.50 	 -   	 43.50 	 0.50 	 0.01 	 0.04 	 0.03 	 0.03 	 0.02 	 0.08 	 -   	 0.20 	 25.00 	 0.25 	 0.01 	 4.50 	 4.50 	 0.15 	 -   	 86.00 	 -   	 0.00 	 -   	 -   	 0.01 	 3.00 	 -   	 -   	 25.00 	 39.75 	 0.90 	 19.50 	 0.11 	 0.00 	 0.01 	 -   	 -   	 3.80 
5.7	Yogurt (flavored)	Side A or 1 small container (170-200ml)	Average	 100 	Gram	 100.00 	 134.29 	 19.77 	 8.72 	 16.28 	 12.73 	 -   	 -   	 -   	 -   	 6.57 	 1.42 	 -   	 -   	 2.11 	 2.20 	 0.97 	 0.21 	 0.04 	 -   	 15.07 	 26.88 	 66.67 	 20.67 	 -   	 20.67 	 0.83 	 0.01 	 0.08 	 0.05 	 0.05 	 0.02 	 0.20 	 -   	 0.13 	 33.23 	 0.50 	 0.01 	 3.33 	 3.33 	 0.07 	 -   	 228.46 	 -   	 0.01 	 -   	 -   	 0.02 	 4.33 	 -   	 -   	 43.17 	 81.93 	 2.15 	 48.42 	 0.22 	 0.00 	 0.02 	 -   	 -   	 8.02 
5.8	Labneh	Side A	Average	 100 	Gram	 100.00 	 158.00 	 126.00 	 88.20 	 4.50 	 3.50 	 -   	 -   	 -   	 -   	 -   	 -   	 -   	 -   	 -   	 14.00 	 9.80 	 -   	 -   	 -   	 -   	 -   	 135.00 	 -   	 -   	 -   	 -   	 -   	 -   	 -   	 -   	 -   	 -   	 -   	 -   	 40.00 	 -   	 -   	 -   	 -   	 -   	 -   	 200.00 	 -   	 -   	 -   	 -   	 -   	 -   	 -   	 -   	 -   	 -   	 -   	 -   	 -   	 -   	 -   	 -   	 -   	 -   
5.9	White cheese 	1 square/ Side A or B	Average	 100 	Gram	 100.00 	 257.25 	 161.38 	 76.81 	 20.28 	 3.58 	 -   	 -   	 -   	 -   	 0.81 	 -   	 0.12 	 0.03 	 0.41 	 17.93 	 8.54 	 1.49 	 0.17 	 -   	 18.13 	 28.58 	 170.43 	 48.13 	 2.57 	 60.38 	 12.63 	 0.02 	 0.16 	 0.04 	 1.11 	 0.02 	 0.45 	 0.47 	 -   	 3.63 	 0.09 	 0.05 	 3.25 	 3.25 	 0.51 	 0.02 	 202.75 	 -   	 0.01 	 -   	 5.00 	 0.12 	 6.88 	 0.00 	 0.66 	 141.13 	 36.38 	 5.91 	 345.69 	 150.83 	 0.07 	 0.10 	 -   	 -   	 6.26 
5.10	Cheese (yellow/hard and processed)	1square/triangular portion/ Side A or B	Average	 100 	Gram	 100.00 	 377.82 	 222.18 	 110.19 	 19.33 	 4.80 	 -   	 -   	 -   	 -   	 1.76 	 -   	 2.39 	 0.85 	 1.86 	 24.69 	 12.24 	 4.91 	 0.66 	 0.38 	 61.55 	 25.65 	 564.82 	 156.18 	 5.45 	 153.45 	 26.91 	 0.02 	 0.23 	 0.05 	 2.86 	 0.05 	 0.84 	 0.95 	 -   	 18.55 	 0.45 	 0.30 	 8.36 	 8.36 	 1.22 	 0.31 	 408.82 	 -   	 0.02 	 0.00 	 13.43 	 0.21 	 16.73 	 0.01 	 1.85 	 294.55 	 112.36 	 12.36 	 762.36 	 2.00 	 0.14 	 0.50 	 -   	 -   	 10.77 
6	Meat																																																																	
6.1	Beef	Side B	Average	 100 	Gram	 100.00 	 212.28 	 106.36 	 38.85 	 24.07 	 1.61 	 0.17 	 -   	 -   	 -   	 0.47 	 -   	 -   	 -   	 0.99 	 11.82 	 4.32 	 5.55 	 0.63 	 0.11 	 86.00 	 60.83 	 2.80 	 6.40 	 -   	 6.40 	 0.20 	 0.06 	 0.23 	 5.56 	 7.18 	 0.48 	 2.67 	 -   	 0.12 	 5.00 	 0.12 	 0.20 	 9.80 	 10.78 	 1.44 	 0.23 	 25.40 	 0.47 	 0.08 	 -   	 -   	 2.70 	 20.60 	 0.00 	 0.68 	 213.40 	 314.21 	 23.70 	 240.68 	 5.37 	 0.04 	 0.44 	 -   	 -   	 79.48 
6.2	Lamb 	Side B	Average	 100 	Gram	 100.00 	 252.24 	 143.82 	 45.31 	 22.57 	 3.37 	 0.57 	 -   	 -   	 -   	 0.44 	 0.13 	 -   	 -   	 -   	 15.98 	 5.03 	 5.43 	 0.89 	 -   	 65.84 	 54.32 	 45.00 	 0.14 	 -   	 0.14 	 -   	 0.11 	 0.28 	 7.50 	 7.50 	 0.19 	 2.66 	 -   	 0.29 	 3.33 	 0.08 	 0.13 	 17.00 	 14.67 	 3.28 	 -   	 16.63 	 -   	 0.15 	 -   	 -   	 2.20 	 26.50 	 -   	 -   	 171.67 	 329.57 	 23.95 	 422.44 	 5.11 	 0.16 	 0.73 	 -   	 -   	 78.25 
6.3	Poultry	Side B	Average	 100 	Gram	 100.00 	 164.67 	 69.74 	 15.28 	 24.70 	 0.42 	 0.08 	 -   	 0.07 	 -   	 0.15 	 -   	 0.10 	 0.03 	 0.12 	 8.39 	 1.70 	 2.44 	 1.25 	 0.00 	 88.07 	 50.51 	 8.52 	 7.60 	 0.06 	 7.39 	 2.53 	 0.06 	 0.14 	 8.62 	 10.40 	 0.50 	 0.22 	 0.11 	 1.25 	 2.44 	 0.05 	 0.40 	 5.16 	 4.83 	 0.85 	 0.36 	 12.99 	 0.10 	 0.04 	 -   	 1.07 	 0.71 	 19.09 	 0.01 	 0.15 	 158.55 	 241.56 	 18.80 	 222.42 	 0.88 	 0.09 	 1.13 	 -   	 -   	 60.93 
6.4	Fried Chicken	Nuggets/ Side B	Average	 100 	Gram	 100.00 	 261.65 	 135.72 	 28.10 	 18.68 	 12.43 	 0.61 	 0.00 	 0.00 	 -   	 0.31 	 0.19 	 0.19 	 0.05 	 8.11 	 15.08 	 3.12 	 4.88 	 4.11 	 0.06 	 62.29 	 47.23 	 29.07 	 8.53 	 0.55 	 8.89 	 4.18 	 0.09 	 0.15 	 6.39 	 7.29 	 0.24 	 0.25 	 -   	 0.68 	 3.84 	 0.09 	 0.73 	 12.65 	 16.04 	 5.51 	 0.61 	 22.11 	 0.11 	 0.06 	 -   	 0.50 	 1.00 	 20.47 	 0.07 	 -   	 194.35 	 214.14 	 18.09 	 504.52 	 0.80 	 0.32 	 3.75 	 -   	 -   	 39.57 
6.5	Egg 	1 egg	Average	 100 	Gram	 100.00 	 161.00 	 107.64 	 30.79 	 11.42 	 1.00 	 -   	 -   	 -   	 -   	 0.70 	 -   	 0.09 	 0.37 	 0.30 	 11.96 	 3.42 	 4.75 	 2.94 	 0.21 	 332.00 	 74.51 	 192.67 	 156.67 	 1.33 	 156.00 	 8.67 	 0.03 	 0.40 	 0.07 	 0.83 	 0.15 	 0.71 	 5.50 	 -   	 76.00 	 1.90 	 1.31 	 34.67 	 34.67 	 4.10 	 0.41 	 58.00 	 -   	 0.07 	 -   	 14.20 	 1.57 	 11.33 	 0.01 	 5.00 	 182.67 	 133.00 	 27.60 	 176.00 	 1.18 	 0.24 	 2.64 	 -   	 -   	 225.03 
6.6	Burger	1 medium size	Average	 100 	Gram	 100.00 	 239.59 	 133.16 	 38.73 	 19.02 	 6.68 	 0.23 	 -   	 -   	 -   	 0.62 	 -   	 -   	 -   	 5.83 	 14.80 	 4.30 	 6.30 	 1.96 	 -   	 39.00 	 37.87 	 -   	 4.00 	 -   	 4.00 	 0.33 	 0.05 	 0.09 	 2.83 	 3.85 	 0.15 	 0.66 	 -   	 0.20 	 5.00 	 0.13 	 0.48 	 8.67 	 10.63 	 1.77 	 0.36 	 34.67 	 -   	 0.05 	 -   	 -   	 1.91 	 14.33 	 0.09 	 -   	 126.00 	 294.69 	 13.47 	 343.61 	 1.62 	 0.05 	 1.75 	 -   	 -   	 33.60 
6.7	Offal/Organ meat (liver, heart, brain, etc.)	Side B	Average	 100 	Gram	 100.00 	 164.29 	 52.46 	 16.73 	 25.10 	 1.11 	 -   	 -   	 -   	 -   	 -   	 -   	 -   	 -   	 1.11 	 5.83 	 1.86 	 1.19 	 1.27 	 0.07 	 838.57 	 66.11 	 4,530.57 	 1,913.71 	 4.00 	 1,910.43 	 37.29 	 0.15 	 1.99 	 7.59 	 8.47 	 0.45 	 24.03 	 -   	 5.71 	 20.57 	 0.51 	 0.53 	 143.57 	 143.57 	 0.63 	 1.24 	 10.57 	 -   	 2.46 	 -   	 -   	 6.37 	 17.71 	 0.06 	 1.76 	 334.14 	 222.71 	 78.59 	 311.14 	 3.10 	 0.19 	 0.86 	 -   	 -   	 381.99 
6.8	Processed meat (hot dog/ salami/ mortadella)	Side B/ Hotdog size/Regular cured meat slice/	Average	 100 	Gram	 100.00 	 264.97 	 181.28 	 64.72 	 17.33 	 2.22 	 0.02 	 -   	 -   	 -   	 1.28 	 0.22 	 -   	 -   	 0.93 	 20.14 	 7.19 	 8.72 	 2.59 	 -   	 70.52 	 44.55 	 2.00 	 7.67 	 -   	 7.67 	 1.17 	 0.14 	 0.16 	 3.43 	 3.92 	 0.19 	 0.79 	 -   	 1.35 	 29.67 	 0.73 	 0.42 	 1.50 	 1.50 	 0.58 	 0.10 	 13.00 	 -   	 0.06 	 -   	 -   	 1.67 	 12.17 	 0.00 	 -   	 127.67 	 259.33 	 17.30 	 1,103.72 	 1.93 	 0.14 	 2.35 	 -   	 -   	 51.23 
7	 Fish and Seafood																																																																	
7.1	Fish Grilled/Boiled/Canned/Raw 	Side B	Average	 100 	Gram	 100.00 	 174.67 	 65.64 	 12.01 	 25.69 	 0.03 	 -   	 -   	 -   	 -   	 0.01 	 -   	 -   	 -   	 0.02 	 7.29 	 1.33 	 2.58 	 2.10 	 -   	 45.00 	 65.72 	 -   	 25.33 	 -   	 25.33 	 -   	 0.06 	 0.11 	 8.88 	 8.88 	 0.37 	 3.31 	 -   	 0.17 	 362.67 	 9.07 	 0.81 	 6.33 	 6.33 	 16.67 	 -   	 11.00 	 -   	 0.07 	 -   	 -   	 0.77 	 30.33 	 -   	 -   	 297.67 	 326.00 	 49.30 	 414.33 	 0.62 	 0.58 	 1.49 	 -   	 -   	 79.53 
7.2	Fish Fried 	Side B	Average	 100 	Gram	 100.00 	 166.00 	 73.26 	 13.04 	 22.17 	 0.10 	 -   	 -   	 -   	 -   	 0.04 	 -   	 -   	 -   	 0.06 	 8.14 	 1.45 	 3.09 	 2.40 	 -   	 59.00 	 68.93 	 -   	 18.00 	 -   	 18.00 	 -   	 0.06 	 0.10 	 5.69 	 5.69 	 0.38 	 3.30 	 -   	 0.50 	 272.00 	 6.80 	 1.05 	 10.00 	 10.00 	 5.50 	 -   	 11.00 	 -   	 0.07 	 -   	 -   	 0.45 	 29.00 	 -   	 -   	 287.00 	 380.00 	 32.40 	 420.00 	 0.47 	 0.68 	 1.67 	 -   	 -   	 90.30 
7.3.1	Seafood-Grilled/Boiled/Canned /Raw  " Shrimp"	Shrimp: 1 medium	Average	 100 	Gram	 100.00 	 121.40 	 35.21 	 6.42 	 14.50 	 6.05 	 0.26 	 -   	 0.14 	 -   	 0.38 	 0.34 	 -   	 -   	 5.41 	 3.91 	 0.71 	 1.36 	 1.45 	 -   	 133.00 	 73.20 	 -   	 51.80 	 -   	 51.20 	 7.60 	 0.04 	 0.03 	 1.80 	 1.80 	 0.16 	 0.95 	 -   	 0.30 	 4.80 	 0.12 	 1.65 	 19.40 	 20.18 	 3.52 	 -   	 61.00 	 -   	 0.19 	 -   	 -   	 0.40 	 23.40 	 -   	 -   	 229.60 	 114.40 	 31.60 	 412.00 	 1.09 	 0.29 	 1.14 	 -   	 -   	 86.34 
7.3.2	Seafood-Grilled/Boiled/Canned /Raw  " Calamari"	Shrimp: 1 medium	Average	 100 	Gram	 100.00 	 143.00 	 47.97 	 8.37 	 18.57 	 3.76 	 -   	 -   	 -   	 -   	 0.03 	 -   	 -   	 -   	 3.73 	 5.33 	 0.93 	 1.67 	 2.14 	 -   	 278.00 	 69.87 	 -   	 10.00 	 -   	 10.00 	 -   	 0.02 	 0.39 	 2.46 	 2.46 	 0.06 	 1.47 	 -   	 5.80 	 -   	 -   	 1.86 	 6.00 	 6.00 	 4.30 	 -   	 39.00 	 -   	 2.25 	 -   	 -   	 0.82 	 39.00 	 -   	 -   	 263.00 	 295.00 	 53.40 	 358.00 	 1.82 	 0.78 	 1.34 	 -   	 -   	 77.50 
7.3.3	Seafood-Grilled/Boiled/Canned /Raw  " Crab"	Crab stick: 1 stick	Average	 100 	Gram	 100.00 	 95.00 	 4.14 	 1.41 	 7.62 	 15.00 	 0.50 	#DIV/0!	#DIV/0!	#DIV/0!	 6.25 	 6.01 	#DIV/0!	#DIV/0!	 8.25 	 0.46 	 0.16 	 0.20 	 0.10 	#DIV/0!	 20.00 	 74.66 	#DIV/0!	 -   	#DIV/0!	 -   	 -   	 0.03 	 0.08 	 0.62 	 0.62 	 0.13 	 0.57 	#DIV/0!	 -   	 -   	 -   	 0.17 	 -   	 -   	 0.40 	#DIV/0!	 13.00 	#DIV/0!	 0.03 	#DIV/0!	#DIV/0!	 0.39 	 43.00 	#DIV/0!	#DIV/0!	 282.00 	 90.00 	 22.30 	 529.00 	 0.33 	 0.03 	 0.01 	 -   	 -   	 13.00 
7.4.1	Seafood-Fried "Shrimp"	Shrimp: 1 medium	Average	 100 	Gram	 100.00 	 147.00 	 25.56 	 7.03 	 16.77 	 12.20 	 0.70 	 -   	 -   	 -   	 1.00 	 0.92 	 -   	 -   	 10.50 	 2.84 	 0.78 	 0.73 	 0.82 	 -   	 164.00 	 65.55 	 -   	 68.00 	 -   	 68.00 	 -   	 0.13 	 0.12 	 2.59 	 2.59 	 0.18 	 1.06 	 -   	 -   	 12.00 	 0.30 	 1.42 	 30.00 	 34.60 	 1.40 	 -   	 88.00 	 -   	 0.23 	 -   	 -   	 1.15 	 30.00 	 -   	 -   	 286.00 	 157.00 	 36.20 	 496.00 	 1.32 	 0.19 	 0.61 	 -   	 -   	 108.40 
7.4.2	Seafood-Fried "Calamari"	Calamari: 1 medium	Average	 100 	Gram	 100.00 	 203.00 	 87.35 	 17.57 	 17.42 	 10.37 	 0.30 	 -   	 -   	 -   	 0.46 	 0.42 	 -   	 -   	 5.72 	 9.71 	 1.96 	 3.57 	 3.40 	 -   	 251.00 	 60.22 	 35.00 	 17.50 	 -   	 17.50 	 -   	 0.09 	 0.45 	 2.69 	 4.37 	 0.07 	 1.20 	 -   	 3.75 	 4.00 	 0.10 	 1.12 	 15.50 	 20.95 	 5.85 	 0.51 	 49.50 	 -   	 1.92 	 -   	 -   	 1.24 	 37.00 	 0.07 	 -   	 244.50 	 269.00 	 49.00 	 344.00 	 1.71 	 0.80 	 2.60 	 -   	 -   	 41.90 
7.4.3	Seafood-Fried "Crab"	Crab stick: 1 stick	Average	 100 	 Gram 	 100.00 	 152.50 	 47.77 	 9.90 	 19.69 	 5.23 	 0.15 	 -   	 -   	 -   	 0.25 	 0.21 	 -   	 -   	 2.89 	 5.31 	 1.10 	 1.86 	 1.86 	 -   	 185.00 	 67.18 	 35.00 	 9.25 	 -   	 9.25 	 -   	 0.06 	 0.27 	 2.95 	 3.79 	 0.13 	 2.54 	 -   	 4.08 	 2.00 	 0.05 	 1.69 	 37.75 	 40.48 	 3.13 	 0.51 	 80.75 	 -   	 1.46 	 -   	 -   	 0.93 	 40.50 	 0.07 	 -   	 265.75 	 294.00 	 50.85 	 571.50 	 3.20 	 0.51 	 1.33 	 -   	 -   	 70.65 
8	Nuts, pulses and seeds	 																																																																
8.1	Beans, Chickpeas, Fava Beans, Lentils 	Side A	Average	 100 	Gram	 100.00 	 105.63 	 27.99 	 3.48 	 6.50 	 14.00 	 4.15 	 0.30 	 3.65 	 0.30 	 1.32 	 0.04 	 0.04 	 0.01 	 4.75 	 3.11 	 0.39 	 1.20 	 0.88 	 -   	 0.08 	 51.96 	 8.27 	 2.04 	 0.83 	 -   	 19.89 	 0.09 	 0.05 	 0.49 	 0.94 	 0.08 	 0.00 	 0.05 	 2.12 	 -   	 -   	 0.23 	 69.16 	 69.16 	 2.60 	 0.11 	 24.12 	 -   	 0.17 	 -   	 0.01 	 1.62 	 29.60 	 0.26 	 18.82 	 85.87 	 203.28 	 1.65 	 204.41 	 0.77 	 0.07 	 0.50 	 -   	 -   	 10.92 
8.2	Salted roasted/Nuts/ Seeds	Side A	Average	 100 	Gram	 100.00 	 583.01 	 442.97 	 72.69 	 20.57 	 23.46 	 6.69 	 0.22 	 6.35 	 0.22 	 3.57 	 -   	 0.08 	 2.28 	 7.71 	 49.22 	 8.08 	 21.66 	 19.98 	 0.01 	 -   	 2.26 	 26.17 	 1.52 	 2.85 	 -   	 17.91 	 0.21 	 0.27 	 4.83 	 7.83 	 0.38 	 -   	 4.45 	 0.78 	 -   	 -   	 7.66 	 84.45 	 84.45 	 5.96 	 0.96 	 117.54 	 -   	 1.28 	 -   	 0.18 	 4.47 	 262.21 	 1.64 	 5.36 	 589.47 	 703.69 	 26.65 	 783.42 	 4.41 	 0.90 	 17.60 	 -   	 -   	 40.61 
8.3	Unsalted raw Nuts/ Seeds	Side A	Average	 100 	Gram	 100.00 	 587.88 	 456.98 	 52.25 	 19.13 	 22.47 	 14.07 	 0.43 	 14.07 	 0.43 	 2.66 	 -   	 0.02 	 0.22 	 5.04 	 50.78 	 5.81 	 16.21 	 20.92 	 0.01 	 -   	 4.05 	 7.55 	 0.56 	 0.75 	 -   	 4.91 	 0.58 	 0.30 	 4.06 	 5.38 	 0.31 	 -   	 2.73 	 0.70 	 -   	 -   	 4.90 	 80.91 	 80.91 	 4.48 	 0.06 	 272.00 	 -   	 1.42 	 -   	 0.05 	 5.85 	 295.18 	 0.78 	 5.36 	 548.18 	 580.55 	 41.23 	 12.91 	 4.47 	 6.81 	 14.09 	 -   	 -   	 44.65 
8.4	Nut butters (peanut butter, almond butter)	Side A	Average	 100 	Gram	 100.00 	 598.00 	 462.24 	 92.92 	 22.21 	 22.31 	 5.00 	 1.40 	 5.00 	 1.40 	 10.49 	 5.77 	 0.25 	 10.24 	 6.82 	 51.36 	 10.32 	 25.94 	 12.53 	 0.07 	 -   	 1.23 	 -   	 -   	 -   	 -   	 -   	 0.15 	 0.19 	 13.11 	 16.73 	 0.44 	 -   	 94.00 	 -   	 -   	 -   	 9.10 	 87.00 	 87.00 	 0.30 	 1.14 	 49.00 	 3.81 	 0.42 	 -   	 -   	 1.74 	 168.00 	 1.66 	 -   	 335.00 	 558.00 	 4.10 	 426.00 	 2.51 	 0.03 	 12.28 	 -   	 -   	 63.00 
8.5	Falafel (fried)	1 falafel piece	Average	 100 	Gram	 100.00 	 387.00 	 229.01 	 30.98 	 10.50 	 31.13 	 5.30 	 -   	 5.30 	 -   	 2.92 	 -   	 -   	 -   	 22.92 	 25.45 	 3.45 	 10.39 	 10.52 	 -   	 -   	 30.36 	 -   	 8.50 	 -   	 -   	 92.00 	 0.29 	 0.11 	 1.10 	 1.10 	 0.23 	 -   	 -   	 8.55 	 -   	 -   	 3.23 	 163.50 	 165.25 	 46.95 	 -   	 55.00 	 -   	 0.29 	 -   	 -   	 2.92 	 29.00 	 -   	 -   	 129.50 	 315.00 	 1.25 	 407.00 	 1.36 	 1.27 	 9.26 	 -   	 -   	 43.80 
9	Traditional Mixed Dishes																																																																	
9.1	Al Harees/ Madhrooba	Side A	Average	 100 	Gram	 100.00 	 79.95 	 15.49 	 2.46 	 4.61 	 7.15 	 1.45 	 0.09 	 1.45 	 0.09 	 0.12 	 -   	 0.02 	 -   	 2.05 	 1.73 	 0.27 	 0.26 	 0.51 	 0.13 	 7.94 	 52.52 	 246.95 	 11.56 	 21.82 	 0.59 	 128.26 	 0.02 	 0.03 	 0.67 	 1.09 	 0.06 	 0.05 	 0.03 	 2.95 	 0.08 	 -   	 0.30 	 5.50 	 5.50 	 26.82 	 0.05 	 23.85 	 0.02 	 0.03 	 0.02 	 70.53 	 1.23 	 7.43 	 0.13 	 0.03 	 25.58 	 55.72 	 2.09 	 577.50 	 0.30 	 0.01 	 0.50 	 -   	 -   	 5.75 
9.2	Thareed	Side A	Average	 100 	Gram	 100.00 	 102.40 	 28.56 	 9.22 	 4.29 	 11.87 	 3.04 	 0.20 	 3.04 	 0.20 	 1.58 	 -   	 0.31 	 0.22 	 6.41 	 3.17 	 1.02 	 1.01 	 0.27 	 -   	 10.69 	 67.45 	 925.71 	 46.29 	 92.57 	 -   	 449.45 	 0.06 	 0.05 	 1.21 	 1.95 	 0.07 	 0.28 	 0.67 	 7.45 	 0.22 	 0.01 	 0.13 	 7.67 	 7.67 	 1.84 	 0.14 	 19.60 	 0.07 	 0.06 	 0.03 	 163.07 	 1.60 	 19.50 	 0.89 	 1.10 	 54.60 	 170.68 	 7.38 	 1,272.17 	 0.87 	 0.04 	 0.23 	 -   	 -   	 13.64 
9.3	Balaleet	Side A	Average	 100 	Gram	 100.00 	 199.00 	 54.90 	 -   	 5.50 	 30.40 	 0.60 	 -   	 -   	 -   	 -   	 -   	 -   	 -   	 -   	 6.10 	 -   	 -   	 -   	 -   	 -   	 57.10 	 -   	 -   	 -   	 48.00 	 -   	 0.12 	 0.16 	 1.70 	 -   	 -   	 0.40 	 6.35 	 0.90 	 -   	 400.00 	 -   	 -   	 -   	 -   	 0.46 	 51.00 	 -   	 0.12 	 -   	 -   	 1.20 	 21.00 	 -   	 -   	 58.00 	 146.00 	 -   	 195.00 	 0.90 	 -   	 -   	 -   	 -   	 -   
9.4	Machboos/ Biryani/ 	Side A	Average	 100 	Gram	 100.00 	 153.32 	 32.32 	 8.64 	 3.67 	 26.46 	 1.33 	 0.05 	 1.02 	 0.05 	 1.31 	 0.04 	 0.21 	 0.07 	 23.82 	 3.62 	 0.96 	 1.30 	 0.74 	 0.03 	 4.22 	 48.60 	 58.21 	 17.68 	 2.54 	 15.93 	 12.57 	 0.09 	 0.04 	 0.71 	 0.89 	 0.06 	 0.00 	 0.55 	 1.72 	 0.50 	 0.01 	 0.38 	 31.79 	 51.34 	 1.62 	 0.18 	 33.81 	 0.14 	 0.05 	 0.01 	 31.78 	 1.06 	 9.90 	 0.31 	 0.35 	 36.26 	 114.16 	 2.31 	 335.82 	 0.23 	 0.05 	 0.59 	 -   	 -   	 2.28 
9.5	Rice Muhammar or Baranyoosh**	Side A	Average	 100 	Gram	 100.00 	 293.40 	 3.13 	 0.85 	 3.97 	 67.60 	 0.84 	 0.21 	 0.84 	 0.21 	 20.26 	 19.96 	 0.12 	 20.14 	 46.50 	 0.35 	 0.09 	 0.11 	 0.09 	 -   	 -   	 27.73 	 -   	 -   	 -   	 -   	 -   	 0.35 	 0.03 	 3.06 	 3.83 	 0.09 	 -   	 1.80 	 -   	 -   	 -   	 0.07 	 138.60 	 231.60 	 -   	 0.81 	 7.60 	 0.54 	 0.07 	 -   	 0.02 	 2.63 	 21.40 	 0.66 	#DIV/0!	 64.80 	 52.00 	 9.18 	 1.20 	 0.70 	 0.02 	 0.08 	 -   	 -   	 -   
9.6	Saloona/ Stews	Side A	Average	 100 	Gram	 100.00 	 72.62 	 26.87 	 6.09 	 2.89 	 9.39 	 1.75 	 -   	 1.12 	 -   	 4.91 	 0.20 	 0.82 	 0.11 	 2.65 	 2.99 	 0.68 	 0.99 	 0.96 	 0.00 	 2.91 	 62.03 	 168.98 	 15.92 	 16.90 	 0.19 	 162.49 	 0.03 	 0.03 	 1.08 	 1.09 	 0.08 	 0.04 	 0.32 	 3.56 	 -   	 -   	 0.81 	 21.81 	 21.97 	 6.64 	 0.03 	 15.34 	 0.04 	 0.07 	 -   	 9.14 	 0.76 	 11.82 	 0.05 	 0.52 	 33.51 	 163.88 	 1.23 	 559.02 	 0.30 	 0.10 	 0.70 	 -   	 -   	 8.94 
9.7	Stuffed vegetable dishes (kossa, warak, 3inad, malfoof)	1 piece/ Side A	Average	 100 	Gram	 100.00 	 130.69 	 66.47 	 17.71 	 4.52 	 12.14 	 2.30 	 -   	 0.75 	 -   	 2.24 	 0.13 	 0.13 	 -   	 5.67 	 7.39 	 1.97 	 3.57 	 1.27 	 0.00 	 12.91 	 55.18 	 819.88 	 111.59 	 81.32 	 8.84 	 1,152.10 	 0.05 	 0.07 	 1.08 	 1.09 	 0.11 	 0.21 	 0.20 	 13.09 	 1.70 	 0.04 	 0.94 	 21.58 	 27.04 	 32.87 	 0.01 	 48.16 	 0.04 	 0.07 	 -   	 6.08 	 1.09 	 15.66 	 0.08 	 0.25 	 49.61 	 143.89 	 4.02 	 196.32 	 0.72 	 0.18 	 1.01 	 -   	 -   	 13.06 
10	Arabic Sweets 																																																																	
10.1	Khanfaroosh	1 piece	Average	 100 	Gram	 100.00 	 334.09 	 119.23 	 39.03 	 8.22 	 45.88 	 1.52 	 -   	 1.22 	 -   	 3.93 	 3.59 	 0.04 	 -   	 12.27 	 13.43 	 4.34 	 1.49 	 2.36 	 0.01 	 41.87 	 28.09 	 60.78 	 18.05 	 0.09 	 60.51 	 -   	 0.16 	 0.19 	 1.42 	 0.68 	 0.12 	 0.50 	 5.06 	 0.06 	 9.23 	 0.68 	 1.75 	 33.87 	 9.79 	 0.04 	 0.74 	 404.21 	 0.05 	 0.01 	 0.01 	 5.63 	 2.04 	 114.64 	 0.08 	 1.92 	 129.79 	 68.89 	 3.46 	 16.37 	 0.17 	 0.02 	 0.20 	 -   	 -   	 33.07 
10.2	Luqaimat	1 piece	Average	 100 	Gram	 100.00 	 275.00 	 85.50 	 -   	 3.00 	 44.40 	 0.50 	 -   	 -   	 -   	 -   	 -   	 -   	 -   	 -   	 9.50 	 -   	 -   	 -   	 -   	 -   	 42.50 	 -   	 -   	 -   	 -   	 -   	 -   	 -   	 -   	 -   	 -   	 -   	 -   	 -   	 -   	 -   	 -   	 -   	 -   	 -   	 -   	 -   	 -   	 -   	 -   	 -   	 -   	 -   	 -   	 -   	 -   	 -   	 -   	 -   	 -   	 -   	 -   	 -   	 -   	 -   
10.3	Muhallabiya/Rice pudding/Custard/Cream caramel   	Side A/ 1 medium container	Average	 100 	Gram	 100.00 	 166.92 	 43.83 	 16.20 	 4.42 	 20.22 	 0.91 	 -   	 0.73 	 -   	 12.67 	 5.24 	 -   	 0.31 	 5.69 	 4.87 	 1.80 	 1.21 	 1.01 	 0.01 	 28.74 	 37.82 	 39.35 	 28.54 	 60.33 	 28.43 	 2.62 	 0.06 	 0.14 	 0.46 	 0.55 	 0.04 	 0.15 	 0.44 	 0.78 	 17.70 	 0.41 	 0.15 	 7.52 	 7.15 	 2.97 	 0.10 	 102.41 	 -   	 0.03 	 -   	 3.40 	 0.42 	 9.36 	 0.02 	 3.35 	 76.51 	 124.76 	 4.80 	 70.76 	 0.37 	 0.11 	 0.87 	 -   	 -   	 23.17 
10.4	Sago	Side A	Average	 100 	Gram	 100.00 	 126.00 	 19.80 	 -   	 1.00 	 25.50 	 0.50 	 -   	 -   	 -   	 -   	 -   	 -   	 -   	 -   	 2.20 	 -   	 -   	 -   	 -   	 -   	 70.70 	 -   	 -   	 -   	 -   		 0.08 	 0.05 	 0.30 	 -   	 -   	 -   	 -   	 -   	 -   	 -   	 -   	 -   	 -   	 -   	 -   	 18.00 	 -   	 0.03 	 -   	 -   	 1.60 	 53.00 	 -   	 -   	 19.00 	 98.00 	 -   	 5.00 	 0.10 	 -   	 -   	 -   	 -   	 -   
10.5	Aseeda	Side A	Average	 100 	Gram	 100.00 	 243.00 	 107.10 	 -   	 4.30 	 29.60 	 2.00 	 -   	 -   	 -   	 -   	 -   	 -   	 -   	 -   	 11.90 	 -   	 -   	 -   	 -   	 -   	 -   	 -   	 -   	 -   	 -   	 -   	 -   	 -   	 -   	 -   	 0.10 	 0.30 	 5.62 	 -   	 -   	 0.40 	 0.70 	 26.80 	 -   	 -   	 0.47 	 -   	 -   	 0.11 	 -   	 -   	 -   	 32.00 	 -   	 -   	 -   	 111.00 	 -   	 170.00 	 0.90 	 -   	 -   	 -   	 -   	 -   
10.6	khabees.	Side A	Average	 100 	Gram	 100.00 	 320.07 	 151.28 	 122.51 	 4.73 	 36.58 	 1.59 	 0.52 	 1.59 	 0.52 	 9.39 	 9.39 	 -   	 -   	 -   	 16.81 	 13.61 	 0.05 	 0.16 	 -   	 16.99 	 41.53 	 311.56 	 93.56 	 -   	 93.56 	 -   	 0.10 	 0.03 	 1.22 	 2.22 	 0.04 	 -   	 -   	 0.12 	 -   	 -   	 -   	 26.51 	 26.51 	 -   	 0.21 	 9.48 	 -   	 0.08 	 0.03 	 0.41 	 0.53 	 18.94 	 0.38 	 -   	 51.06 	 74.67 	 -   	 1.94 	 0.43 	 0.01 	 0.15 	 -   	 -   	 -   
10.7	Other Arabic sweets (kunefe/baklawa…	Side B	Average	 100 	Gram	 100.00 	 366.00 	 138.58 	 73.19 	 4.84 	 56.61 	 2.75 	 -   	 -   	 -   	 10.89 	 9.85 	 -   	 -   	 9.13 	 15.40 	 8.13 	 4.48 	 2.02 	 0.06 	 12.50 	 17.37 	 -   	 40.75 	 -   	 39.75 	 11.50 	 0.10 	 0.09 	 0.70 	 0.70 	 0.04 	 0.05 	 -   	 0.73 	 1.00 	 0.03 	 0.34 	 15.50 	 22.68 	 1.93 	 -   	 35.00 	 -   	 0.07 	 -   	 -   	 0.71 	 9.25 	 -   	 -   	 46.25 	 64.25 	 4.78 	 109.25 	 0.27 	 0.20 	 1.53 	 -   	 -   	 5.43 
11	Desserts & Pastries																																																																	
11.1	Cakes and pastries (Homemade)	Side B	Average	 100 	Gram	 100.00 	 310.82 	 140.15 	 37.64 	 4.67 	 40.18 	 1.02 	 0.11 	 0.07 	 -   	 16.65 	 11.00 	 0.00 	 1.89 	 6.70 	 21.39 	 4.18 	 3.67 	 2.31 	 0.36 	 52.24 	 20.02 	 67.92 	 32.05 	 0.45 	 31.73 	 3.15 	 0.07 	 0.12 	 0.67 	 0.93 	 0.03 	 0.13 	 0.25 	 0.09 	 10.54 	 0.26 	 0.93 	 18.01 	 24.51 	 6.02 	 0.09 	 60.23 	 0.65 	 0.07 	 -   	 1.52 	 1.25 	 13.11 	 0.04 	 0.20 	 93.89 	 107.17 	 8.38 	 287.40 	 0.36 	 0.22 	 1.99 	 0.01 	 1.00 	 29.81 
11.1.1	Cakes and pastries (Industrial)	Side B	Average	 100 	Gram	 100.00 	 310.82 	 140.15 	 37.64 	 4.67 	 40.18 	 1.02 	 0.11 	 0.07 	 -   	 16.65 	 11.00 	 0.00 	 1.89 	 6.70 	 21.39 	 4.18 	 3.67 	 2.31 	 0.36 	 52.24 	 20.02 	 67.92 	 32.05 	 0.45 	 31.73 	 3.15 	 0.07 	 0.12 	 0.67 	 0.93 	 0.03 	 0.13 	 0.25 	 0.09 	 10.54 	 0.26 	 0.93 	 18.01 	 24.51 	 6.02 	 0.09 	 60.23 	 0.65 	 0.07 	 -   	 1.52 	 1.25 	 13.11 	 0.04 	 0.20 	 93.89 	 107.17 	 8.38 	 287.40 	 0.36 	 0.22 	 1.99 	 0.01 	 1.00 	 29.81 
11.2	Croissant (Homemade)	1 Large/1 small	Average	 100 	Gram	 100.00 	 411.11 	 185.70 	 66.86 	 9.69 	 46.49 	 2.29 	 0.87 	 -   	 -   	 11.98 	 -   	 -   	 -   	 21.66 	 20.63 	 7.43 	 4.01 	 1.16 	 -   	 41.33 	 14.73 	 516.33 	 136.67 	 7.33 	 133.00 	 42.33 	 0.30 	 0.19 	 1.45 	 2.60 	 0.04 	 0.16 	 3.34 	 0.13 	 -   	 -   	 0.76 	 54.00 	 77.67 	 4.23 	 0.57 	 30.00 	 -   	 0.06 	 -   	 -   	 1.39 	 13.33 	 0.22 	 -   	 78.33 	 83.33 	 16.50 	 357.67 	 0.56 	 0.20 	 0.96 	 -   	 -   	 25.87 
11.2.1	Croissant (industrial)	1 Large/1 small	Average	 100 	Gram	 100.00 	 411.11 	 185.70 	 66.86 	 9.69 	 46.49 	 2.29 	 0.87 	 -   	 -   	 11.98 	 -   	 -   	 -   	 21.66 	 20.63 	 7.43 	 4.01 	 1.16 	 -   	 41.33 	 14.73 	 516.33 	 136.67 	 7.33 	 133.00 	 42.33 	 0.30 	 0.19 	 1.45 	 2.60 	 0.04 	 0.16 	 3.34 	 0.13 	 -   	 -   	 0.76 	 54.00 	 77.67 	 4.23 	 0.57 	 30.00 	 -   	 0.06 	 -   	 -   	 1.39 	 13.33 	 0.22 	 -   	 78.33 	 83.33 	 16.50 	 357.67 	 0.56 	 0.20 	 0.96 	 -   	 -   	 25.87 
11.3	Chocolate 	1 medium bar/ Side B	Average	 100 	Gram	 100.00 	 491.51 	 247.24 	 137.58 	 5.46 	 50.77 	 1.93 	 -   	 0.84 	 -   	 39.50 	 15.29 	 -   	 2.56 	 1.49 	 27.47 	 15.29 	 1.05 	 0.18 	 0.01 	 2.28 	 1.14 	 12.84 	 3.29 	 0.26 	 3.11 	 1.37 	 0.01 	 0.03 	 0.09 	 0.09 	 0.01 	 0.07 	 -   	 -   	 -   	 -   	 0.33 	 1.44 	 1.39 	 0.87 	 0.04 	 29.11 	 -   	 0.11 	 -   	 2.60 	 1.06 	 15.50 	 0.11 	 -   	 31.89 	 107.22 	 0.64 	 32.79 	 2.14 	 0.01 	 0.12 	 -   	 4.11 	 5.07 
11.4.1	Ice cream ( stick)	1 stick	Average	 100 	Gram	 100.00 	 296.67 	 182.85 	 116.75 	 3.91 	 24.72 	 0.50 	 -   	 -   	 -   	 19.61 	 2.21 	 -   	 -   	 4.61 	 20.32 	 12.97 	 4.40 	 1.75 	 -   	 16.33 	 49.92 	 171.50 	 48.67 	 8.00 	 45.67 	 32.67 	 0.04 	 0.19 	 0.40 	 0.40 	 0.10 	 0.41 	 -   	 0.50 	 6.00 	 0.17 	 0.33 	 7.33 	 7.33 	 1.27 	 0.24 	 160.33 	 -   	 0.08 	 -   	 -   	 0.39 	 22.00 	 0.04 	 -   	 117.67 	 230.67 	 2.07 	 74.67 	 0.61 	 0.15 	 1.53 	 -   	 2.00 	 25.83 
11.4.2	Ice cream ( scope)	1 scoop	Average	 100 	Gram	 100.00 	 206.76 	 91.33 	 39.35 	 4.21 	 24.96 	 0.47 	 -   	 -   	 -   	 14.70 	 11.15 	 -   	 -   	 2.79 	 10.15 	 4.37 	 1.85 	 0.29 	 -   	 26.50 	 34.50 	 105.25 	 68.60 	 1.00 	 67.40 	 11.00 	 0.03 	 0.14 	 0.13 	 0.28 	 0.03 	 0.21 	 0.61 	 0.38 	 4.00 	 0.10 	 0.20 	 6.60 	 7.92 	 0.30 	 0.15 	 79.67 	 -   	 0.04 	 0.01 	 9.75 	 0.24 	 11.80 	 0.00 	 -   	 63.60 	 134.33 	 1.26 	 52.32 	 0.40 	 0.10 	 0.19 	 -   	 0.80 	 14.66 
11.5	Doughnuts 	1 medium	Average	 100 	Gram	 100.00 	 426.00 	 205.74 	 88.67 	 5.52 	 49.52 	 1.80 	 -   	 -   	 -   	 23.51 	 20.41 	 -   	 -   	 24.21 	 22.86 	 9.85 	 7.57 	 3.60 	 -   	 20.00 	 20.62 	 -   	 4.00 	 -   	 4.00 	 2.00 	 0.34 	 0.23 	 2.65 	 2.65 	 0.04 	 0.08 	 -   	 0.60 	 -   	 -   	 1.63 	 96.00 	 144.30 	 10.30 	 -   	 69.00 	 -   	 0.09 	 -   	 -   	 2.36 	 16.00 	 -   	 -   	 178.00 	 113.00 	 12.50 	 378.00 	 0.54 	 0.23 	 3.37 	 -   	 -   	 31.80 
11.6	Energy bars	1 medium bar/ Side B	Average	 100 	Gram	 100.00 	 431.67 	 176.03 	 62.57 	 31.25 	 29.82 	 11.13 	 -   	 1.30 	 -   	 14.57 	 8.85 	 -   	 -   	 5.89 	 19.56 	 6.95 	 4.37 	 1.76 	 -   	 5.33 	 1.50 	 -   	 0.67 	 -   	 0.67 	 0.17 	 0.44 	 0.59 	 6.74 	 2.24 	 0.57 	 0.89 	 22.00 	 18.55 	 0.67 	 0.02 	 0.70 	 23.67 	 7.50 	 0.33 	 2.22 	 166.83 	 -   	 0.29 	 -   	 -   	 0.87 	 82.00 	 -   	 -   	 287.50 	 197.17 	 6.88 	 77.50 	 1.84 	 0.03 	 1.19 	 -   	 -   	 40.70 
12	Beverages																																																																	
12.1	Water 	Side A/ 1 Liter	Average	 100 	Gram	 100.00 	 -   	 -   	 -   	 -   	 -   	 -   	 -   	 -   	 -   	 -   	 -   	 -   	 -   	 -   	 -   	 -   	 -   	 -   	 -   	 -   	 99.98 	 -   	 -   	 -   	 -   	 -   	 -   	 -   	 -   	 -   	 -   	 -   	 -   	 -   	 -   	 -   	 -   	 -   	 -   	 -   	 -   	 10.00 	 -   	 0.01 	 -   	 -   	 -   	 2.00 	 -   	 -   	 -   	 -   	 -   	 2.00 	 -   	 -   	 -   	 -   	 -   	 -   
12.2	Fruit Juices, bottled	Side A/ 1 regular(240mL)	Average	 100 	Gram	 100.00 	 49.26 	 3.21 	 0.03 	 1.99 	 11.71 	 1.91 	 0.01 	 0.03 	 0.01 	 6.16 	 -   	 -   	 -   	 0.26 	 0.36 	 0.00 	 0.01 	 0.01 	 -   	 -   	 12.61 	 28.57 	 1.43 	 2.86 	 -   	 4.71 	 0.01 	 0.00 	 0.06 	 0.06 	 0.01 	 -   	 0.07 	 8.86 	 -   	 -   	 0.01 	 4.29 	 4.29 	 0.01 	 0.03 	 1.57 	 0.13 	 0.01 	 -   	 0.29 	 0.03 	 1.57 	 0.00 	 -   	 2.43 	 28.57 	 0.01 	 0.15 	 0.01 	 0.00 	 0.00 	 -   	 -   	 0.89 
12.3	Karak 	Side A	Average	 100 	Gram	 100.00 	 115.45 	 26.12 	 16.21 	 2.99 	 19.95 	 0.07 	 -   	 0.07 	 -   	 19.80 	 3.60 	 -   	 -   	 0.07 	 2.90 	 1.80 	 0.77 	 0.11 	 0.07 	 11.41 	 73.00 	 73.90 	 34.48 	 0.56 	 34.21 	 4.88 	 0.04 	 0.15 	 0.09 	 0.58 	 0.03 	 0.25 	 1.22 	 0.73 	 11.66 	 0.31 	 0.06 	 4.55 	 4.55 	 0.22 	 0.21 	 109.92 	 -   	 0.01 	 0.02 	 23.49 	 0.07 	 11.02 	 0.02 	 3.35 	 94.60 	 149.20 	 4.55 	 46.02 	 0.37 	 0.04 	 0.08 	 -   	 10.68 	 28.96 
12.4	Tea/ Herbal tea	Side A	Average	 100 	Gram	 100.00 	 0.80 	 0.03 	 0.01 	 0.04 	 0.37 	 -   	 -   	 -   	 -   	 -   	 -   	 -   	 -   	 0.33 	 0.00 	 -   	 -   	 -   	 -   	 -   	 79.46 	 -   	 -   	 -   	 -   	 -   	 0.00 	 0.01 	 0.01 	 0.01 	 -   	 -   	 -   	 0.06 	 -   	 -   	 -   	 1.20 	 1.20 	 -   	 -   	 2.76 	 -   	 0.01 	 -   	 -   	 0.04 	 1.39 	 0.04 	 -   	 0.20 	 12.60 	 -   	 1.59 	 0.01 	 -   	 -   	 -   	 8.72 	 0.16 
12.5	Coffee/ Turkish coffee	Side A	Average	 100 	Gram	 100.00 	 66.68 	 17.05 	 11.11 	 1.81 	 10.49 	 2.80 	 -   	 -   	 -   	 7.57 	 1.10 	 -   	 0.14 	 0.14 	 1.89 	 1.23 	 0.05 	 0.02 	 0.04 	 -   	 32.47 	 18.83 	 -   	 -   	 -   	 -   	 0.00 	 0.03 	 0.48 	 0.48 	 -   	 -   	 -   	 0.02 	 6.43 	 0.09 	 0.00 	 0.58 	 0.58 	 0.03 	 -   	 46.43 	 0.00 	 0.00 	 -   	 -   	 0.39 	 7.42 	 -   	 -   	 4.07 	 36.12 	 0.00 	 13.81 	 0.01 	 -   	 0.01 	 -   	 30.34 	 0.80 
12.6	Evaporated milk/ coffee creamer  	Side A	Average	 100 	Gram	 100.00 	 139.00 	 52.59 	 19.58 	 4.94 	 7.14 	 -   	 -   	 -   	 -   	 7.14 	 3.79 	 -   	 -   	 -   	 5.84 	 2.18 	 3.29 	 0.09 	 0.08 	 9.67 	 50.44 	 79.67 	 22.00 	 0.67 	 21.33 	 8.00 	 0.02 	 0.11 	 0.06 	 0.57 	 0.02 	 0.05 	 -   	 0.63 	 2.00 	 0.03 	 0.32 	 2.67 	 2.67 	 1.03 	 0.21 	 90.00 	 -   	 0.01 	 0.00 	 -   	 0.07 	 8.00 	 0.00 	 -   	 89.00 	 164.67 	 1.13 	 57.67 	 0.26 	 0.03 	 0.06 	 -   	 -   	 10.43 
12.7	Arabic coffee	Side A	Average	 100 	Gram	 100.00 	 4.00 	 -   	 -   	 0.10 	 0.60 	 -   	 -   	 -   	 -   	 -   	 -   	 -   	 -   	 -   	 -   	 -   	 -   	 -   	 -   	 -   	 99.00 	 -   	 -   	 -   	 -   	 -   	 -   	 -   	 -   	 -   	 -   	 -   	 -   	 -   	 -   	 -   	 -   	 -   	 -   	 -   	 -   	 -   	 -   	 -   	 -   	 -   	 -   	 -   	 -   	 -   	 -   	 -   	 -   	 -   	 -   	 -   	 -   	 -   	 -   	 -   
12.8	Soda Regular	Side A/ 1 can (330 mL)	Average	 100 	Gram	 100.00 	 40.92 	 0.23 	 -   	 -   	 9.64 	 -   	 -   	 -   	 -   	 11.88 	 4.33 	 -   	 -   	 0.06 	 0.03 	 -   	 -   	 -   	 -   	 -   	 36.69 	 -   	 -   	 -   	 -   	 -   	 -   	 -   	 -   	 -   	 -   	 -   	 -   	 -   	 -   	 -   	 -   	 -   	 -   	 -   	 -   	 0.10 	 -   	 0.00 	 -   	 -   	 0.00 	 -   	 -   	 -   	 2.41 	 1.95 	 0.01 	 10.00 	 0.01 	 -   	 -   	 -   	 1.97 	 0.03 
12.9	Soda Diet	Side A/ 1 can (330 mL)	Average	 100 	Gram	 100.00 	 0.67 	 0.09 	 -   	 0.04 	 0.10 	 -   	 -   	 -   	 -   	 -   	 -   	 -   	 -   	 0.10 	 0.01 	 -   	 -   	 -   	 -   	 -   	 33.18 	 -   	 -   	 -   	 -   	 -   	 -   	 0.01 	 -   	 -   	 -   	 -   	 -   	 -   	 -   	 -   	 -   	 -   	 -   	 -   	 -   	 1.00 	 -   	 -   	 -   	 -   	 0.04 	 0.33 	 -   	 -   	 3.00 	 2.67 	 -   	 6.90 	 0.00 	 -   	 -   	 -   	 4.00 	 -   
12.10	Energy drink	Side A/ 1 can (330 mL)	Average	 100 	Gram	 100.00 	 44.04 	 -   	 -   	 0.37 	 10.75 	 -   	 -   	 -   	 -   	 10.46 	 10.46 	 -   	 -   	 0.29 	 -   	 -   	 -   	 -   	 -   	 -   	 44.61 	 -   	 -   	 -   	 -   	 -   	 0.02 	 0.05 	 8.86 	 8.86 	 2.10 	 2.00 	 -   	 0.15 	 -   	 -   	 -   	 -   	 -   	 -   	 0.99 	 3.00 	 -   	 -   	 -   	 -   	 0.03 	 9.50 	 -   	 -   	 -   	 1.50 	 0.10 	 33.50 	 0.01 	 -   	 -   	 -   	 30.56 	 0.15 
12.11	Diet energy drinks	Side A/ 1 can (330 mL)	Average	 100 	Gram	 100.00 	 5.00 	 0.72 	 -   	 0.25 	 0.70 	 -   	 -   	 -   	 -   	 -   	 -   	 -   	 -   	 0.70 	 0.08 	 -   	 -   	 -   	 -   	 -   	 98.35 	 -   	 -   	 -   	 -   	 -   	 0.02 	 0.57 	 8.50 	 8.50 	 1.99 	 1.99 	 -   	 -   	 -   	 -   	 -   	 -   	 -   	 -   	 1.90 	 13.00 	 -   	 -   	 -   	 -   	 0.02 	 3.00 	 -   	 -   	 -   	 3.00 	 0.20 	 83.00 	 -   	 -   	 -   	 -   	 30.00 	 -   
13	Honey, Jam, Molasses, Halawah and added sugar																																																																	
13.1	Jam	Side A	Average	 100 	Gram	 100.00 	 278.00 	 0.63 	 0.09 	 0.37 	 68.86 	 1.10 	 -   	 -   	 -   	 48.50 	 48.50 	 -   	 -   	 19.26 	 0.07 	 0.01 	 0.04 	 -   	 -   	 -   	 30.47 	 -   	 -   	 -   	 -   	 -   	 0.02 	 0.08 	 0.04 	 0.04 	 0.02 	 -   	 -   	 8.80 	 -   	 -   	 0.12 	 11.00 	 11.00 	 -   	 -   	 20.00 	 -   	 0.10 	 -   	 -   	 0.49 	 4.00 	 -   	 -   	 19.00 	 77.00 	 2.00 	 32.00 	 0.06 	 -   	 -   	 -   	 -   	 10.20 
13.2	Honey, molasses, maple syrup 	Side A	Average	 100 	Gram	 100.00 	 289.50 	 0.36 	 0.06 	 0.16 	 76.64 	 0.10 	 -   	 0.10 	 -   	 74.86 	 74.85 	 20.48 	 15.16 	 1.69 	 0.04 	 0.01 	 0.01 	 0.02 	 -   	 -   	 22.12 	 -   	 -   	 -   	 -   	 -   	 0.03 	 0.34 	 0.31 	 0.33 	 0.18 	 -   	 -   	 0.25 	 -   	 -   	 -   	 1.00 	 1.00 	 -   	 0.23 	 79.75 	 0.62 	 0.15 	 0.00 	 0.15 	 1.42 	 66.75 	 1.13 	 -   	 10.25 	 445.00 	 5.00 	 14.25 	 0.55 	 -   	 0.02 	 -   	 -   	 4.83 
13.4	Halwa, rahash	Side A	Average	 100 	Gram	 100.00 	 521.00 	 288.36 	 50.43 	 7.98 	 57.36 	 4.48 	 -   	 4.48 	 -   	 52.88 	 52.88 	 -   	 -   	 -   	 32.04 	 5.60 	 10.75 	 14.09 	 -   	 -   	 1.47 	 -   	 1.00 	 -   	 -   	 16.00 	 0.27 	 0.04 	 2.26 	 2.26 	 0.16 	 -   	 -   	 -   	 -   	 -   	 3.48 	 45.00 	 45.00 	 2.00 	 -   	 24.00 	 -   	 0.55 	 -   	 -   	 2.51 	 135.00 	 -   	 -   	 260.00 	 145.00 	 13.70 	 19.00 	 2.63 	 0.12 	 13.97 	 -   	 -   	 10.00 
13.5	Sugar (added to drinks mainly) 	Side A	Average	 100 	Gram	 100.00 	 193.50 	 -   	 -   	 -   	 62.49 	 -   	 -   	 -   	 -   	 58.40 	 49.90 	 -   	 49.90 	 0.09 	 -   	 -   	 -   	 -   	 -   	 -   	 0.01 	 -   	 -   	 -   	 -   	 -   	 -   	 0.01 	 -   	 -   	 -   	 -   	 -   	 -   	 -   	 -   	 -   	 -   	 -   	 -   	 -   	 0.50 	 0.25 	 0.01 	 -   	 0.05 	 0.03 	 -   	 -   	 -   	 -   	 1.00 	 0.30 	 3.00 	 0.01 	 -   	 -   	 -   	 -   	 -   
15	FATS AND OILS (ADDED ON BREADS)																																																																	
15.1	Butter/ghee (including added to rice/traditional dishes- not during cooking )	Side A	Average	 100 	Gram	 100.00 	 722.25 	 722.25 	 316.05 	 0.37 	 0.40 	 -   	 -   	 -   	 -   	 0.02 	 -   	 -   	 -   	 0.38 	 81.59 	 35.12 	 28.82 	 14.23 	 4.54 	 118.00 	 16.76 	 1,517.50 	 790.50 	 32.00 	 757.75 	 392.75 	 0.01 	 0.03 	 0.02 	 0.07 	 0.71 	 0.08 	 -   	 0.08 	 37.00 	 0.93 	 8.05 	 1.25 	 1.25 	 51.95 	 0.03 	 11.75 	 0.40 	 0.01 	 -   	 -   	 0.03 	 1.75 	 -   	 -   	 11.25 	 18.50 	 0.25 	 364.50 	 0.03 	 1.81 	 12.42 	 -   	 -   	 16.08 
15.2	Mayonnaise, ranch dressing, 1000 thousand islands	Side A	Average	 100 	Gram	 100.00 	 385.67 	 345.83 	 80.14 	 1.86 	 8.90 	 0.35 	 -   	 0.24 	 -   	 4.76 	 1.47 	 2.19 	 1.19 	 3.78 	 38.43 	 8.90 	 11.55 	 15.77 	 0.06 	 34.73 	 48.20 	 202.00 	 72.59 	 19.11 	 58.25 	 165.92 	 0.15 	 0.06 	 0.21 	 0.24 	 0.05 	 0.07 	 -   	 0.67 	 1.73 	 0.05 	 3.68 	 6.42 	 6.42 	 79.97 	 0.14 	 50.92 	 0.13 	 0.07 	 -   	 1.24 	 0.63 	 12.25 	 0.08 	 -   	 68.50 	 86.08 	 2.78 	 892.33 	 0.38 	 1.90 	 13.85 	 -   	 -   	 13.19 
15.3	Olive oil	Side A	Average	 100 	Gram	 100.00 	 884.00 	 884.00 	 124.27 	 -   	 -   	 -   	 -   	 -   	 -   	 -   	 -   	 -   	 -   	 -   	 100.00 	 13.81 	 72.96 	 10.52 	 -   	 -   	 -   	 -   	 -   	 -   	 -   	 -   	 -   	 -   	 -   	 -   	 -   	 -   	 -   	 -   	 -   	 -   	 14.35 	 -   	 -   	 60.20 	 -   	 1.00 	 -   	 -   	 -   	 0.30 	 0.56 	 -   	 -   	 -   	 -   	 1.00 	 -   	 2.00 	 -   	 0.76 	 9.76 	 -   	 -   	 0.30 
15.4	Tahini	Side A	Average	 100 	Gram	 100.00 	 399.34 	 303.05 	 42.41 	 12.04 	 18.75 	 3.19 	 -   	 2.35 	 -   	 4.17 	 -   	 -   	 -   	 -   	 33.67 	 4.71 	 12.68 	 14.78 	 -   	 -   	 1.50 	 33.50 	 1.68 	 3.35 	 -   	 -   	 0.80 	 0.06 	 2.82 	 2.82 	 0.08 	 -   	 -   	 2.10 	 -   	 -   	 -   	 49.00 	 49.00 	 -   	 -   	 93.84 	 -   	 0.81 	 -   	 -   	 3.05 	 47.50 	 -   	 -   	 395.00 	 324.84 	 17.20 	 747.50 	 2.31 	 0.20 	 11.41 	 -   	 -   	 -   
15.5	Vegetable oil (Sunflower oil, corn oil, canola oil) 	Side A	Average	 100 	Gram	 100.00 	 889.67 	 889.67 	 107.16 	 -   	 -   	 -   	 -   	 -   	 -   	 -   	 -   	 -   	 -   	 -   	 100.00 	 11.91 	 36.59 	 47.68 	 0.11 	 -   	 -   	 -   	 -   	 -   	 -   	 -   	 -   	 -   	 -   	 -   	 -   	 -   	 -   	 -   	 -   	 -   	 16.71 	 -   	 -   	 35.33 	 -   	 -   	 -   	 -   	 -   	 -   	 0.03 	 -   	 -   	 -   	 -   	 -   	 -   	 -   	 -   	 2.81 	 44.86 	 -   	 -   	 0.20 
15.6	Olives	1 medium olive	Average	 100 	Gram	 100.00 	 125.33 	 110.70 	 17.17 	 0.90 	 5.38 	 2.70 	 0.05 	 2.70 	 0.05 	 0.18 	 -   	 -   	 -   	 2.50 	 12.30 	 1.91 	 8.95 	 0.95 	 -   	 -   	 78.42 	 134.33 	 19.05 	 13.43 	 -   	 222.00 	 0.01 	 0.00 	 0.11 	 0.11 	 0.02 	 -   	 -   	 0.60 	 -   	 -   	 2.37 	 1.00 	 1.00 	 1.40 	 0.00 	 76.00 	 -   	 0.21 	 -   	 0.87 	 3.36 	 6.33 	 0.01 	 -   	 3.33 	 19.33 	 0.90 	 1,008.67 	 0.16 	 0.05 	 0.90 	 -   	 -   	 11.60 
16	FATS AND OILS (USED IN cooking and FRYING)																																																																	
16.1	Butter/animal ghee	Side A	Average	 100 	Gram	 100.00 	 770.00 	 770.00 	 491.34 	 0.66 	 0.04 	 -   	 -   	 -   	 -   	 0.04 	 -   	 -   	 -   	 -   	 87.23 	 54.59 	 24.39 	 3.25 	 1.09 	 228.67 	 11.45 	 833.00 	 736.00 	 8.67 	 722.00 	 169.67 	 -   	 0.02 	 0.03 	 0.09 	 -   	 0.12 	 -   	 -   	 -   	 -   	 2.48 	 2.00 	 2.00 	 7.53 	 0.04 	 17.33 	 0.40 	 0.01 	 -   	 -   	 0.01 	 1.33 	 -   	 -   	 17.00 	 17.67 	 0.67 	 218.67 	 0.06 	 0.98 	 2.27 	 -   	 -   	 19.97 
16.2	Olive oil	Side A	Average	 100 	Gram	 100.00 	 884.00 	 884.00 	 124.27 	 -   	 -   	 -   	 -   	 -   	 -   	 -   	 -   	 -   	 -   	 -   	 100.00 	 13.81 	 72.96 	 10.52 	 -   	 -   	 -   	 -   	 -   	 -   	 -   	 -   	 -   	 -   	 -   	 -   	 -   	 -   	 -   	 -   	 -   	 -   	 14.35 	 -   	 -   	 60.20 	 -   	 1.00 	 -   	 -   	 -   	 0.30 	 0.56 	 -   	 -   	 -   	 -   	 1.00 	 -   	 2.00 	 -   	 0.76 	 9.76 	 -   	 -   	 0.30 
16.3	Vegetable ghee	Side A	Average	 100 	Gram	 100.00 	 916.50 	 900.00 	 371.25 	 -   	 -   	 -   	 -   	 -   	 -   	 -   	 -   	 -   	 -   	 -   	 100.00 	 41.25 	 16.25 	 3.25 	 3.50 	 -   	 -   	 -   	 -   	 -   	 -   	 -   	 -   	 -   	 -   	 -   	 -   	 -   	 -   	 -   	 -   	 -   	 -   	 -   	 -   	 -   	 -   	 -   	 -   	 -   	 -   	 -   	 -   	 -   	 -   	 -   	 -   	 -   	 -   	 -   	 -   	 -   	 -   	 -   	 -   	 -   
16.4	Vegetable oil (Sunflower oil, corn oil, canola oil)	Side A	Average	 100 	Gram	 100.00 	 889.67 	 889.67 	 107.16 	 -   	 -   	 -   	 -   	 -   	 -   	 -   	 -   	 -   	 -   	 -   	 100.00 	 11.91 	 36.59 	 47.68 	 0.11 	 -   	 -   	 -   	 -   	 -   	 -   	 -   	 -   	 -   	 -   	 -   	 -   	 -   	 -   	 -   	 -   	 -   	 16.71 	 -   	 -   	 35.33 	 -   	 -   	 -   	 -   	 -   	 -   	 0.03 	 -   	 -   	 -   	 -   	 -   	 -   	 -   	 -   	 2.81 	 44.86 	 -   	 -   	 0.20 
16.5	Cooking cream (as part of dishes)	Side A	Average	 100 	Gram	 100.00 	 228.33 	 176.88 	 120.21 	 2.84 	 5.33 	 0.07 	 -   	 0.07 	 -   	 1.54 	 -   	 -   	 -   	 1.46 	 19.65 	 13.36 	 0.93 	 0.47 	 0.15 	 7.93 	 25.18 	 -   	 45.00 	 -   	 43.67 	 13.33 	 0.03 	 0.05 	 0.14 	 0.14 	 0.06 	 0.14 	 -   	 0.03 	 16.00 	 0.40 	 0.32 	 3.00 	 4.07 	 1.63 	 -   	 73.67 	 -   	 0.00 	 -   	 -   	 0.09 	 4.33 	 -   	 -   	 35.00 	 52.00 	 1.30 	 110.37 	 0.15 	 0.05 	 0.42 	 -   	 -   	 5.80 
17	Condiments																																																																	
17.1	Ketchup, Mustard, BBQ sauce	Side A	Average	 100 	Gram	 100.00 	 140.20 	 68.29 	 9.97 	 2.45 	 16.16 	 0.95 	 0.01 	 0.76 	 -   	 11.27 	 4.24 	 7.15 	 0.58 	 1.84 	 7.59 	 1.11 	 1.03 	 0.83 	 -   	 9.10 	 49.18 	 387.44 	 19.74 	 38.74 	 1.80 	 184.30 	 0.04 	 0.08 	 0.64 	 0.66 	 0.11 	 0.01 	 -   	 10.69 	 1.20 	 0.03 	 0.96 	 6.90 	 6.90 	 3.86 	 0.08 	 19.40 	 1.85 	 0.04 	 0.00 	 0.43 	 0.68 	 18.20 	 0.05 	 -   	 42.40 	 162.70 	 4.78 	 261,444.30 	 0.25 	 0.14 	 0.69 	 -   	 -   	 10.44 
17.2	Salt shaker use (at the table)	Number of shakes 	Average	 100 	Gram	 100.00 	 -   	 -   	 -   	 -   	 -   	 -   	 -   	 -   	 -   	 -   	 -   	 -   	 -   	 -   	 -   	 -   	 -   	 -   	 -   	 -   	 0.20 	 -   	 -   	 -   	 -   	 -   	 -   	 -   	 -   	 -   	 -   	 -   	 -   	 -   	 -   	 -   	 -   	 -   	 -   	 -   	 -   	 24.00 	 1.00 	 0.03 	 -   	 5,070.00 	 0.33 	 1.00 	 0.10 	 -   	 -   	 8.00 	 0.10 	 38,758.00 	 0.10 	 -   	 -   	 -   	 -   	 -   
17.3	Pickles 	1 M. cucumber/Side A	Average	 100 	Gram	 100.00 	 54.34 	 30.39 	 1.03 	 1.06 	 6.48 	 1.97 	 0.00 	 1.87 	 0.00 	 2.33 	 0.97 	 0.21 	 -   	 0.18 	 3.38 	 0.12 	 0.11 	 0.57 	 -   	 -   	 73.67 	 81.80 	 42.89 	 8.18 	 -   	 427.80 	 0.03 	 0.08 	 0.42 	 0.44 	 0.08 	 -   	 -   	 8.82 	 -   	 -   	 0.16 	 18.00 	 18.00 	 23.94 	 0.05 	 33.80 	 -   	 0.11 	 0.01 	 0.14 	 2.41 	 18.20 	 0.01 	 -   	 16.40 	 139.42 	 0.16 	 1,188.79 	 0.17 	 0.06 	 0.05 	 -   	 -   	 7.46 
